"","rowid","term","group","estimate","std.error","statistic","p.value","s.value","conf.low","conf.high","riskaverse","predicted_lo","predicted_hi","predicted","trust","lossavers","Strategies3"
"1",1,"lossavers","1",-0.0579650876172955,0.0635276846394434,-0.91243822195443,0.361538076575704,1.46778049751976,-0.182477061531823,0.0665468862972319,0,0.130079260299575,0.130073463790813,0.130076362059212,8.75901875901876,0.517797024713622,4
"2",2,"lossavers","1",-0.0573220103136651,0.064177405796004,-0.893180545437913,0.371760494652773,1.42755462532035,-0.183107414295045,0.0684633936677147,0.1,0.132858119831164,0.132852387630133,0.132855253747073,8.75901875901876,0.517797024713622,4
"3",3,"lossavers","1",-0.0565846006397863,0.0649919074916768,-0.870640712415355,0.383950359602733,1.38100829587928,-0.183966398610032,0.0707971973304591,0.2,0.135600842201442,0.135595183741378,0.135598012990189,8.75901875901876,0.517797024713622,4
"4",4,"lossavers","1",-0.0557552237284709,0.065928524920932,-0.845691964067723,0.397724607224497,1.33015827042965,-0.184972758127349,0.0734623106704073,0.3,0.138302816621494,0.138297241099122,0.138300028881378,8.75901875901876,0.517797024713622,4
"5",5,"lossavers","1",-0.0548367549690898,0.0668528434709125,-0.820260622017508,0.412067549546377,1.27904723949962,-0.185865920436172,0.0761924104979924,0.4,0.140959565314365,0.140954081638868,0.1409568234999,8.75901875901876,0.517797024713622,4
"6",6,"lossavers","1",-0.0538325534490958,0.0680584258445071,-0.790975588710895,0.428958236737426,1.22109090074006,-0.18722461694882,0.079559510050628,0.5,0.143566768159353,0.143561384904008,0.143564076557088,8.75901875901876,0.517797024713622,4
"7",7,"lossavers","1",-0.0527464298863412,0.0693646116082001,-0.760422766933011,0.447001918735374,1.16164707076273,-0.188698570440022,0.0832057106673399,0.6,0.14612028586445,0.146115011221462,0.146117648570388,8.75901875901876,0.517797024713622,4
"8",8,"lossavers","1",-0.0515826096031402,0.0705396770217393,-0.731256673988502,0.464622389002156,1.10586941916482,-0.189837836046837,0.0866726168405563,0.7,0.148616181407338,0.148611023146378,0.148613602306204,8.75901875901876,0.517797024713622,4
"9",9,"lossavers","1",-0.0503456912104294,0.071880327373593,-0.700409876387474,0.483671370142202,1.0479009517207,-0.19122854405962,0.0905371616387614,0.8,0.151050739515765,0.151045704946644,0.151048222262346,8.75901875901876,0.517797024713622,4
"10",10,"lossavers","1",-0.0490406017183975,0.0732289285494826,-0.669688915156796,0.503056119440766,0.991208743121544,-0.19256666430184,0.0944854608650454,0.9,0.153420483992578,0.153415579932407,0.153418031995303,8.75901875901876,0.517797024713622,4
"11",11,"lossavers","1",-0.0476725488529617,0.0747763958781378,-0.637534723265521,0.523776599680156,0.932976487813412,-0.194231591667821,0.0988864939618978,1,0.155722192728321,0.155717425473435,0.155719809135224,8.75901875901876,0.517797024713622,4
"12",1,"riskaverse","1",0.0279539282852223,0.0631791603246605,0.442454887680916,0.658160068090971,0.603489597010239,-0.0958749505245942,0.151782807095039,0,0.130075345550621,0.130077378563648,0.130076362059212,8.75901875901876,0.517797024713622,4
"13",2,"riskaverse","1",0.0276160375744726,0.0655525727348576,0.421280758669412,0.673550078883438,0.570142879903778,-0.100864644079791,0.156096719228736,0.1,0.132854249525106,0.132856257964262,0.132855253747073,8.75901875901876,0.517797024713622,4
"14",3,"riskaverse","1",0.0272314581284529,0.0677079229936833,0.402190126715206,0.687544107902354,0.540475825419738,-0.105473632407178,0.159936548664083,0.2,0.135597022752624,0.135599003222365,0.135598012990189,8.75901875901876,0.517797024713622,4
"15",4,"riskaverse","1",0.0268013923780251,0.0701435743039197,0.382093337044665,0.702392133831219,0.509651406828211,-0.110677487004567,0.164280271760617,0.3,0.138299054282272,0.138301003474503,0.138300028881378,8.75901875901876,0.517797024713622,4
"16",5,"riskaverse","1",0.0263272956403668,0.0721977921283454,0.364655135070682,0.715368852737219,0.48324079033644,-0.1151777766945,0.167832367975233,0.4,0.14095586614039,0.140957780852857,0.1409568234999,8.75901875901876,0.517797024713622,4
"17",6,"riskaverse","1",0.0258108627841174,0.074339907571224,0.347200630554839,0.728440597158366,0.45711676663228,-0.119892678669518,0.171514404237753,0.5,0.143563137976682,0.143565015130395,0.143564076557088,8.75901875901876,0.517797024713622,4
"18",7,"riskaverse","1",0.0252540121722922,0.0765808745547421,0.329769179565062,0.741574376992669,0.431336698313661,-0.124841743859582,0.175349768204167,0.6,0.146116730238834,0.14611856689432,0.146117648570388,8.75901875901876,0.517797024713622,4
"19",8,"riskaverse","1",0.0246588671474408,0.0789587484060157,0.312300633498416,0.75481205864948,0.405810623704649,-0.130097435992709,0.179415170287591,0.7,0.148612705616043,0.148614498988252,0.148613602306204,8.75901875901876,0.517797024713622,4
"20",9,"riskaverse","1",0.0240277353964179,0.0807658293888699,0.297498776131296,0.766085742227739,0.384422223671732,-0.134270381387274,0.18232585218011,0.8,0.151047348522201,0.151049095993918,0.151048222262346,8.75901875901876,0.517797024713622,4
"21",10,"riskaverse","1",0.0233630865458752,0.0830118694127431,0.281442722723322,0.7783708537811,0.361470405699384,-0.139337187792443,0.186063360884194,0.9,0.153417182423994,0.153418881557612,0.153418031995303,8.75901875901876,0.517797024713622,4
"22",11,"riskaverse","1",0.0226675283853791,0.0841340391712358,0.269421611141769,0.787605257520168,0.344455353159123,-0.142232158264125,0.187567215034883,1,0.155718984856745,0.155720633404313,0.155719809135224,8.75901875901876,0.517797024713622,4
"23",1,"trust","1",0.0107167130010064,0.00335534774793677,3.19392021515389,0.00140354901872475,9.47670483403846,0.0041403522594427,0.01729307374257,0,0.130067788903251,0.130084935644053,0.130076362059212,8.75901875901876,0.517797024713622,4
"24",2,"trust","1",0.0108271967641169,0.00308596601739402,3.50852754148603,0.000450594577371337,11.1158824278193,0.00477881451251008,0.0168755790157236,0.1,0.13284659220221,0.132863915717033,0.132855253747073,8.75901875901876,0.517797024713622,4
"25",3,"trust","1",0.010930125505567,0.00287050461719838,3.80773660494399,0.000140244532996141,12.7997678466696,0.00530403983840226,0.0165562111727318,0.2,0.135589269100279,0.135606757301087,0.135598012990189,8.75901875901876,0.517797024713622,4
"26",4,"trust","1",0.0110254256153325,0.00270264734073009,4.0794910416814,4.51344090203979e-05,14.4354127572388,0.00572833416458855,0.0163225170660764,0.3,0.138291208749179,0.138308849430163,0.138300028881378,8.75901875901876,0.517797024713622,4
"27",5,"trust","1",0.0111130615678724,0.00263318226220818,4.22039208123521,2.43877785026974e-05,15.3234821262702,0.00595211916921469,0.0162740039665302,0.4,0.140947933256608,0.140965714155117,0.1409568234999,8.75901875901876,0.517797024713622,4
"28",6,"trust","1",0.0111930353154273,0.00264544066188804,4.23106648229972,2.32585909164193e-05,15.3918767782909,0.00600806689488892,0.0163780037359656,0.5,0.143555122332355,0.14357303118886,0.143564076557088,8.75901875901876,0.517797024713622,4
"29",7,"trust","1",0.0112653852699617,0.00274664380774328,4.10150935414433,4.10463910462767e-05,14.5723850940543,0.00588206232842487,0.0166487082114984,0.6,0.146108636463153,0.146126661079585,0.146117648570388,8.75901875901876,0.517797024713622,4
"30",8,"trust","1",0.0113301848992178,0.00292865668539086,3.86873099729875,0.000109403259759805,13.1580566544972,0.0055901232727693,0.0170702465256664,0.7,0.14860453835665,0.148622666652489,0.148613602306204,8.75901875901876,0.517797024713622,4
"31",9,"trust","1",0.0113875409698747,0.00318309379731387,3.57750719739528,0.000346886670584386,11.4932479746452,0.00514879176772663,0.0176262901720227,0.8,0.151039112425258,0.15105733249081,0.151048222262346,8.75901875901876,0.517797024713622,4
"32",10,"trust","1",0.0114375914760101,0.00348862533252126,3.27853821658287,0.00104346234173147,9.90440574969152,0.00460001146871435,0.0182751714833058,0.9,0.153408882115089,0.15342718226145,0.153418031995303,8.75901875901876,0.517797024713622,4
"33",11,"trust","1",0.0114805032963572,0.00382367204364526,3.00248116609195,0.00267788542882343,8.5446900472277,0.00398624380211983,0.0189747627905946,1,0.155710624922803,0.155728993728077,0.155719809135224,8.75901875901876,0.517797024713622,4
"34",1,"lossavers","2",-0.208005295873614,0.0942820123635436,-2.20620339616388,0.0273697616016058,5.19127332130053,-0.39279464449612,-0.023215947251109,0,0.359184774708976,0.359163974179389,0.359174374421471,8.75901875901876,0.517797024713622,4
"35",2,"lossavers","2",-0.208813649459905,0.0949265583398248,-2.19973896780687,0.0278254203671011,5.16745270680943,-0.394866284982301,-0.0227610139375078,0.1,0.369618783277498,0.369597901912552,0.369608342579263,8.75901875901876,0.517797024713622,4
"36",3,"lossavers","2",-0.209344457934857,0.0957616508431179,-2.18609909177335,0.0288083564351374,5.11736883509141,-0.397033844687468,-0.0216550711822462,0.2,0.380088200979441,0.380067266533647,0.380077733747783,8.75901875901876,0.517797024713622,4
"37",4,"lossavers","2",-0.209596347527929,0.0963427476273015,-2.17552802561481,0.0295905702993205,5.07871868790079,-0.398424663049072,-0.0207680320067868,0.3,0.390579186293145,0.390558226658392,0.390568706474021,8.75901875901876,0.517797024713622,4
"38",5,"lossavers","2",-0.209569500495554,0.0972995669597819,-2.15385851184907,0.0312512694079543,4.9999413973963,-0.40027314744807,-0.0188658535430386,0.4,0.401077864104428,0.401056907154378,0.401067385634644,8.75901875901876,0.517797024713622,4
"39",6,"lossavers","2",-0.209265646552992,0.0978577606160388,-2.13846755980939,0.0324788143060701,4.94435722430756,-0.40106333296817,-0.0174679601378137,0.5,0.411570402922949,0.411549476358293,0.411559939652785,8.75901875901876,0.517797024713622,4
"40",7,"lossavers","2",-0.20868803611851,0.0985252063029286,-2.11811823541755,0.0341650555369828,4.87133471778832,-0.401793892041628,-0.0155821801953907,0.6,0.422043091244208,0.422022222440597,0.422032656861388,8.75901875901876,0.517797024713622,4
"41",8,"lossavers","2",-0.207841395953312,0.0994924914578954,-2.08901589363926,0.0367062924893265,4.76782878706108,-0.402843095942946,-0.0128396959636782,0.7,0.432482412166037,0.432461628026442,0.432472020121907,8.75901875901876,0.517797024713622,4
"42",9,"lossavers","2",-0.206731868187537,0.100131014754129,-2.06461373326901,0.0389595627938827,4.68187870225787,-0.40298505084108,-0.0104786855339949,0.8,0.442875115407042,0.442854442220223,0.442864778845808,8.75901875901876,0.517797024713622,4
"43",10,"lossavers","2",-0.205366933965223,0.100916546327936,-2.03501746183295,0.0418491160013469,4.57865904140634,-0.403159730212145,-0.00757413771830134,0.9,0.453208285929542,0.453187749236145,0.453198017621321,8.75901875901876,0.517797024713622,4
"44",11,"lossavers","2",-0.203755323281984,0.101608626297629,-2.0052955217124,0.0449314633036882,4.47613014223349,-0.402904571343926,-0.00460607522004244,1,0.463469408439329,0.463449032907001,0.463459220717709,8.75901875901876,0.517797024713622,4
"45",1,"riskaverse","2",0.104116667074635,0.0970389802235883,1.07293653369748,0.283299592861686,1.81959956651003,-0.0860762392600924,0.294309573409363,0,0.359170588363988,0.359178160485455,0.359174374421471,8.75901875901876,0.517797024713622,4
"46",2,"riskaverse","2",0.104539798982429,0.0998075624168199,1.047413607256,0.294908858556149,1.76165893575297,-0.0910794287392711,0.30015902670413,0.1,0.369604541134256,0.369612144028954,0.369608342579263,8.75901875901876,0.517797024713622,4
"47",3,"riskaverse","2",0.104824942412306,0.102612973928797,1.02155642116994,0.306990892281157,1.70373224012487,-0.0962927908346835,0.305942675659296,0.2,0.380073921933008,0.380081545565411,0.380077733747783,8.75901875901876,0.517797024713622,4
"48",4,"riskaverse","2",0.104971374008468,0.104897381173954,1.00070538304852,0.316969264164498,1.65758514281064,-0.100623715165051,0.310566463181987,0.3,0.390564889333544,0.390572523615517,0.390568706474021,8.75901875901876,0.517797024713622,4
"49",5,"riskaverse","2",0.104979143819836,0.106700763284766,0.983864975170466,0.325181906839923,1.62068110696547,-0.104150509341239,0.314108796980911,0.4,0.401063568210713,0.401071203057764,0.401067385634644,8.75901875901876,0.517797024713622,4
"50",6,"riskaverse","2",0.104849071301238,0.108215198761033,0.968894134111159,0.332598012485829,1.58814854738487,-0.10724882085023,0.316946963452705,0.5,0.411556126957857,0.411563752345088,0.411559939652785,8.75901875901876,0.517797024713622,4
"51",7,"riskaverse","2",0.1045827322789,0.108928462789086,0.960104729297423,0.337002508513284,1.56916876458941,-0.10891313167902,0.318078596236821,0.6,0.422028853850621,0.422036459867741,0.422032656861388,8.75901875901876,0.517797024713622,4
"52",8,"riskaverse","2",0.104182437158858,0.110288066144138,0.944639259724618,0.344843076522548,1.53598809307127,-0.111978200408223,0.320343074725939,0.7,0.43246823166645,0.432475808571197,0.432472020121907,8.75901875901876,0.517797024713622,4
"53",9,"riskaverse","2",0.103651200863707,0.110480976449447,0.938181433535171,0.348151178113295,1.52221418952106,-0.112887533954026,0.32018993568144,0.8,0.442861009707181,0.44286854797656,0.442864778845808,8.75901875901876,0.517797024713622,4
"54",10,"riskaverse","2",0.102992705122843,0.111377934248563,0.924713730935194,0.355114835107352,1.49364246393217,-0.11530403467681,0.321289444922496,0.9,0.453194272427167,0.453201762805945,0.453198017621321,8.75901875901876,0.517797024713622,4
"55",11,"riskaverse","2",0.102211253865711,0.112353688606786,0.909727621168088,0.362966173667488,1.46209299117345,-0.117997929333817,0.322420437065239,1,0.463455503939168,0.463462937485125,0.463459220717709,8.75901875901876,0.517797024713622,4
"56",1,"trust","2",0.00701914357106176,0.00400939079006046,1.75067583545677,0.0800017641300462,3.64382437635463,-0.000839117977403329,0.0148774051195268,0,0.359168758962476,0.35917998959219,0.359174374421471,8.75901875901876,0.517797024713622,4
"57",2,"trust","2",0.00689347973370502,0.00397389359599974,1.73469157318259,0.0827954496954864,3.59430470806638,-0.000895208592848826,0.0146821680602589,0.1,0.369602827642399,0.369613857209973,0.369608342579263,8.75901875901876,0.517797024713622,4
"58",3,"trust","2",0.00675071534134847,0.00392935290259068,1.71802215497051,0.0857925742866739,3.54300340805698,-0.000950674830277193,0.0144521055129741,0.2,0.380072333013635,0.380083134158181,0.380077733747783,8.75901875901876,0.517797024713622,4
"59",4,"trust","2",0.00659109912537481,0.003907226088039,1.6868998560262,0.0916226097834065,3.44815253252942,-0.00106692328663696,0.0142491215373866,0.3,0.390563433424231,0.390573979182832,0.390568706474021,8.75901875901876,0.517797024713622,4
"60",5,"trust","2",0.00641497746145525,0.00389257233264466,1.64800469028069,0.0993517087160434,3.33131140966804,-0.00121432411774534,0.0140442790406558,0.4,0.401062253473795,0.401072517437733,0.401067385634644,8.75901875901876,0.517797024713622,4
"61",6,"trust","2",0.00622279165227863,0.00390574729401554,1.59323970135326,0.11110642796489,3.16998580989027,-0.00143233237670661,0.0138779156812639,0.5,0.41155496123246,0.411564917699103,0.411559939652785,8.75901875901876,0.517797024713622,4
"62",7,"trust","2",0.0060150740870471,0.00394052404378334,1.52646552088335,0.126893970910074,2.97830457058439,-0.00170821111898238,0.0137383592930766,0.6,0.422027844607293,0.422037468725832,0.422032656861388,8.75901875901876,0.517797024713622,4
"63",8,"trust","2",0.00579244334428242,0.00401719123359645,1.44191376697212,0.149326701955641,2.74345592985335,-0.00208110679257665,0.0136659934811415,0.7,0.432467385964923,0.432476653874274,0.432472020121907,8.75901875901876,0.517797024713622,4
"64",9,"trust","2",0.00555559832728092,0.00411219466951257,1.3510056730703,0.176693615424691,2.50067818381248,-0.00250415512238131,0.0136153517769431,0.8,0.442860334157724,0.442869223115048,0.442864778845808,8.75901875901876,0.517797024713622,4
"65",10,"trust","2",0.00530531153692532,0.00424426757638029,1.24999459658242,0.211301521198935,2.24262494134731,-0.00301330005353115,0.0136239231273818,0.9,0.453193773155955,0.453202261654414,0.453198017621321,8.75901875901876,0.517797024713622,4
"66",11,"trust","2",0.00504242160442869,0.00441922967693931,1.14101822558383,0.253862338667177,1.97788171269517,-0.00361910940178292,0.0137039526106403,1,0.463455186557997,0.463463254432564,0.463459220717709,8.75901875901876,0.517797024713622,4
"67",1,"lossavers","4",0.265970383490632,0.102997334523742,2.5823035588297,0.0098143217095488,6.67089572151317,0.0640993173204743,0.467841449660791,0,0.510735964991448,0.510762562029797,0.510749263519317,8.75901875901876,0.517797024713622,4
"68",2,"lossavers","4",0.266135659772737,0.103150979082818,2.58005946370185,0.0098783303765645,6.66151706481587,0.0639634558003689,0.468307863745105,0.1,0.497523096891337,0.497549710457315,0.497536403673664,8.75901875901876,0.517797024713622,4
"69",3,"lossavers","4",0.265929058574366,0.103052428901696,2.58052198680384,0.009865107411569,6.66344952552326,0.0639500094076674,0.467908107741064,0.2,0.484310956819118,0.484337549724975,0.484324253262028,8.75901875901876,0.517797024713622,4
"70",4,"lossavers","4",0.26535157125529,0.102879717195428,2.57924086971617,0.00990177167907195,6.65809760149697,0.0637110308125846,0.466992111697996,0.3,0.471117997085361,0.471144532242486,0.471131264644601,8.75901875901876,0.517797024713622,4
"71",5,"lossavers","4",0.264406255463534,0.102449564214518,2.580843144534,0.00985593518751307,6.66479151573976,0.0636087993712554,0.465203711555813,0.4,0.457962570581207,0.457989011206754,0.457975790865456,8.75901875901876,0.517797024713622,4
"72",6,"lossavers","4",0.263098200004031,0.101782087233296,2.58491653252285,0.00974025738061106,6.68182438947714,0.0636089747554555,0.462587425252606,0.5,0.444862828917698,0.444889138737698,0.444875983790126,8.75901875901876,0.517797024713622,4
"73",7,"lossavers","4",0.261434466005128,0.100998510897064,2.58849822322211,0.0096395444307127,6.69681931902451,0.0634810221547071,0.459387909855549,0.6,0.431836622891341,0.431862766337942,0.431849694568225,8.75901875901876,0.517797024713622,4
"74",8,"lossavers","4",0.259424005557007,0.10011963388875,2.59114017381716,0.00956585190701144,6.70789082813549,0.0631931289897207,0.455654882124294,0.7,0.418901406426625,0.41892734882718,0.418914377571889,8.75901875901876,0.517797024713622,4
"75",9,"lossavers","4",0.257077559397967,0.0991161099494481,2.59370105958641,0.009494900419796,6.71863141484233,0.0628135536093365,0.451341565186597,0.8,0.406074145077193,0.406099852833133,0.406086998891846,8.75901875901876,0.517797024713622,4
"76",10,"lossavers","4",0.254407535684176,0.0980318660096805,2.59515141391936,0.00945492564704995,6.72471817170694,0.0622686089679458,0.446546462400406,0.9,0.39337123007788,0.393396670831448,0.393383950383376,8.75901875901876,0.517797024713622,4
"77",11,"lossavers","4",0.251427872134391,0.0970392247538883,2.59099217632936,0.00956996671425266,6.70727037784693,0.0612344865290822,0.4416212577397,1,0.38080839883235,0.380833541619564,0.380820970147067,8.75901875901876,0.517797024713622,4
"78",1,"riskaverse","4",-0.132070595357949,0.112411231345913,-1.17488789844798,0.240039567753173,2.05865585781946,-0.352392560253739,0.0882513695378401,0,0.510754066085391,0.510744460950897,0.510749263519317,8.75901875901876,0.517797024713622,4
"79",2,"riskaverse","4",-0.13215583655652,0.113434904010481,-1.16503679100667,0.244004100778852,2.03502270069101,-0.354484163006821,0.0901724898937798,0.1,0.497541209340638,0.497531598006784,0.497536403673664,8.75901875901876,0.517797024713622,4
"80",3,"riskaverse","4",-0.132056400540759,0.113648123140817,-1.16197607924535,0.24524518164204,2.0277033029461,-0.354802628807334,0.090689827725815,0.2,0.484329055314367,0.484319451212224,0.484324253262028,8.75901875901876,0.517797024713622,4
"81",4,"riskaverse","4",-0.131772766387638,0.11351486674115,-1.16084148420948,0.245706369082903,2.02499283985222,-0.354257816910156,0.0907122841348799,0.3,0.471136056384184,0.47112647290998,0.471131264644601,8.75901875901876,0.517797024713622,4
"82",5,"riskaverse","4",-0.131306439459058,0.112854051075505,-1.16350665490251,0.24462399963346,2.03136214378714,-0.352496315076492,0.0898834361583759,0.4,0.457980565648897,0.457971016089379,0.457975790865456,8.75901875901876,0.517797024713622,4
"83",6,"riskaverse","4",-0.130659934086881,0.111883250726264,-1.16782389891903,0.242877805922867,2.04169743178854,-0.349947075983624,0.088627207809861,0.5,0.444880735065461,0.444871232524517,0.444875983790126,8.75901875901876,0.517797024713622,4
"84",7,"riskaverse","4",-0.129836744451574,0.110434893466697,-1.17568587586611,0.239720424738914,2.06057525968341,-0.346285158282817,0.0866116693796691,0.6,0.431854415910545,0.43184497323794,0.431849694568225,8.75901875901876,0.517797024713622,4
"85",8,"riskaverse","4",-0.128841304304009,0.108369699108725,-1.18890525085564,0.234476953652691,2.09248196525932,-0.341242011572552,0.0835594029645345,0.7,0.418919062717507,0.418909692440551,0.418914377571889,8.75901875901876,0.517797024713622,4
"86",9,"riskaverse","4",-0.127678936258599,0.105990078149146,-1.20463102290512,0.228345774967803,2.13070799879662,-0.33541567214951,0.0800577996323127,0.8,0.406091641770618,0.406082356029522,0.406086998891846,8.75901875901876,0.517797024713622,4
"87",10,"riskaverse","4",-0.126355791667573,0.103269387429194,-1.22355515814605,0.221120084409873,2.17709802331736,-0.328760071734308,0.0760484883991606,0.9,0.393388545148838,0.393379355636443,0.393383950383376,8.75901875901876,0.517797024713622,4
"88",11,"riskaverse","4",-0.12487878225109,0.100092606971424,-1.24763242790492,0.2121656973188,2.23673667288749,-0.321056687033803,0.0712991225316229,1,0.380825511204087,0.380816429110562,0.380820970147067,8.75901875901876,0.517797024713622,4
"89",1,"trust","4",-0.0177358565721375,0.00421181953705441,-4.21097257755286,2.54273614068301e-05,15.2632587128722,-0.0259908711741463,-0.0094808419701287,0,0.510763452134273,0.510735074763757,0.510749263519317,8.75901875901876,0.517797024713622,4
"90",2,"trust","4",-0.0177206764977525,0.00417253822742417,-4.2469776265398,2.16673587093562e-05,15.4941171774502,-0.0258987011476205,-0.00954265184788453,0.1,0.497550580155391,0.497522227072994,0.497536403673664,8.75901875901876,0.517797024713622,4
"91",3,"trust","4",-0.0176808408469675,0.00413711450480953,-4.27371319464641,1.92244291506047e-05,15.6666997149399,-0.0257894362763125,-0.00957224541762259,0.2,0.484338397886087,0.484310108540732,0.484324253262028,8.75901875901876,0.517797024713622,4
"92",4,"trust","4",-0.017616524740742,0.00411023623805898,-4.2860127059415,1.81908587972521e-05,15.7464268196668,-0.025672439735289,-0.00956060974619499,0.3,0.47114535782659,0.471117171387005,0.471131264644601,8.75901875901876,0.517797024713622,4
"93",5,"trust","4",-0.0175280390293103,0.00407579399793808,-4.30052133110203,1.70396767523239e-05,15.8407425069624,-0.0255164484736735,-0.00953962958494717,0.4,0.457989813269597,0.45796176840715,0.457975790865456,8.75901875901876,0.517797024713622,4
"94",6,"trust","4",-0.017415826967758,0.00404184163520744,-4.30888405326254,1.64080354678887e-05,15.8952379589489,-0.025337691003979,-0.00949396293153689,0.5,0.444889916435185,0.444862051112037,0.444875983790126,8.75901875901876,0.517797024713622,4
"95",7,"trust","4",-0.0172804593570608,0.00401206144958078,-4.3071272896048,1.65388444773344e-05,15.8837820334618,-0.0251439553020007,-0.0094169634121209,0.6,0.431863518929554,0.431835870194583,0.431849694568225,8.75901875901876,0.517797024713622,4
"96",8,"trust","4",-0.0171226282436043,0.00399034148137574,-4.29101828089685,1.77855670889013e-05,15.7789334992891,-0.024943553833117,-0.00930170265409167,0.7,0.418928075678427,0.418900679473237,0.418914377571889,8.75901875901876,0.517797024713622,4
"97",9,"trust","4",-0.0169431392971556,0.00397395803471976,-4.26354258125687,2.0121113520471e-05,15.6009303270464,-0.0247319539212799,-0.00915432467303128,0.8,0.406100553417017,0.406073444394142,0.406086998891846,8.75901875901876,0.517797024713622,4
"98",10,"trust","4",-0.0167429030129007,0.00397304465200142,-4.21412404828284,2.50749449004145e-05,15.2833939437683,-0.024529927439793,-0.00895587858600846,0.9,0.393397344728957,0.393370556084136,0.393383950383376,8.75901875901876,0.517797024713622,4
"99",11,"trust","4",-0.0165229249006818,0.00398489572412234,-4.14638827326427,3.37760876534358e-05,14.8536382466489,-0.0243331770021092,-0.00871267279925436,1,0.3808341885192,0.380807751839359,0.380820970147067,8.75901875901876,0.517797024713622,4
