"","rowid","term","group","estimate","std.error","statistic","p.value","s.value","conf.low","conf.high","lossavers","predicted_lo","predicted_hi","predicted","trust","riskaverse","Strategies3"
"1",1,"lossavers","1",-0.039566252857115,0.0859065854701969,-0.46057298914344,0.645104994239165,0.632394109016825,-0.207940066413513,0.128807560699283,0,0.168192066157246,0.16818810953196,0.168190087885086,8.75901875901876,0.507674153491016,4
"2",2,"lossavers","1",-0.042740694093657,0.0831412700234675,-0.51407314419894,0.607200852830005,0.719754277828392,-0.205694588968573,0.120213200781259,0.1,0.164075742055436,0.164071467986026,0.164073605059511,8.75901875901876,0.507674153491016,4
"3",3,"lossavers","1",-0.0457552331242783,0.0799934699900495,-0.571987102571871,0.567330712364104,0.817738128682081,-0.202539553303161,0.111029087054604,0.2,0.159649567200305,0.159644991676993,0.159647279475135,8.75901875901876,0.507674153491016,4
"4",4,"lossavers","1",-0.0485630678861981,0.0764098706982251,-0.63556013696181,0.525063158593593,0.92943712332893,-0.198323662518082,0.101197526745685,0.3,0.154931878842718,0.154927022535929,0.15492945072294,8.75901875901876,0.507674153491016,4
"5",5,"lossavers","1",-0.0511193343577521,0.0726686212666398,-0.703458156584286,0.48177027458151,1.05358271342559,-0.193547214846547,0.0913085461310433,0.4,0.149945611447939,0.149940499514503,0.149943055511425,8.75901875901876,0.507674153491016,4
"6",6,"lossavers","1",-0.0533827665061271,0.0688644752686676,-0.775185845791458,0.438229850709088,1.19024033579154,-0.188354657846965,0.0815891248347107,0.5,0.144718019900337,0.144712681623686,0.144715350788318,8.75901875901876,0.507674153491016,4
"7",7,"lossavers","1",-0.0553172937139967,0.064626202023328,-0.855957676331173,0.392021190427597,1.35099645458122,-0.181982322137329,0.0713477347093356,0.6,0.139280238943332,0.139274707213961,0.139277473100642,8.75901875901876,0.507674153491016,4
"8",8,"lossavers","1",-0.0568934685632461,0.0602939948014959,-0.943600913333984,0.345373625348434,1.53377018003401,-0.175067526858223,0.0612805897317312,0.7,0.133666690470225,0.133661001123369,0.13366384581416,8.75901875901876,0.507674153491016,4
"9",9,"lossavers","1",-0.0580896249136043,0.0557046687180688,-1.04281429636726,0.297034308733312,1.75129851678813,-0.167268769371754,0.0510895195445455,0.8,0.127914360732937,0.127908551770446,0.127911456264204,8.75901875901876,0.507674153491016,4
"10",10,"lossavers","1",-0.058892683969386,0.0510757206830052,-1.15304655875334,0.248891274873152,2.00641243876636,-0.158999256992504,0.0412138890537317,0.9,0.122061978740009,0.122056089471612,0.122059034113366,8.75901875901876,0.507674153491016,4
"11",11,"lossavers","1",-0.0592985529056234,0.0463316162491118,-1.27987231411898,0.200590046046796,2.31767807854458,-0.150106852099413,0.0315097462881664,1,0.116149134068227,0.116143204212936,0.116146169143183,8.75901875901876,0.507674153491016,4
"12",1,"riskaverse","1",0.0185543838140229,0.0852846540776535,0.217558293630748,0.827773282932583,0.272692409743526,-0.148600466612135,0.185709234240181,0,0.168189413174734,0.168190762584506,0.168190087885086,8.75901875901876,0.507674153491016,4
"13",2,"riskaverse","1",0.0201604527486529,0.0835762554576811,0.241222254314338,0.80938286364143,0.305105790482498,-0.143645997911121,0.183966903408427,0.1,0.164072871946861,0.16407433816165,0.164073605059511,8.75901875901876,0.507674153491016,4
"14",3,"riskaverse","1",0.0216888412906342,0.0816703784771953,0.265565578304383,0.790573798421743,0.339027953432612,-0.138382159128424,0.181759841709692,0.2,0.159646490785006,0.159648068155329,0.159647279475135,8.75901875901876,0.507674153491016,4
"15",4,"riskaverse","1",0.0231161738826812,0.079338160805545,0.291362613501189,0.770774004824853,0.375620178861773,-0.132383763895834,0.178616111661197,0.3,0.154928610130171,0.154930291306503,0.15492945072294,8.75901875901876,0.507674153491016,4
"16",5,"riskaverse","1",0.0244200129953301,0.0773440405313689,0.315732315347889,0.752205696313744,0.410800863206733,-0.127171520864959,0.176011546855619,0.4,0.14994216750676,0.149943943507758,0.149943055511425,8.75901875901876,0.507674153491016,4
"17",6,"riskaverse","1",0.0255796856378921,0.074515015352136,0.343282297091533,0.731386097435908,0.451294891438732,-0.120467060759744,0.171626432035528,0.5,0.144714420614237,0.144716280955066,0.144715350788318,8.75901875901876,0.507674153491016,4
"18",7,"riskaverse","1",0.0265770796393874,0.0730107129348982,0.364016163807159,0.715845939268736,0.482278963498941,-0.116521288198606,0.169675447477381,0.6,0.139276506658243,0.13927843953682,0.139277473100642,8.75901875901876,0.507674153491016,4
"19",8,"riskaverse","1",0.0273973563932484,0.0704153304494197,0.38908226686415,0.697215290986074,0.520323884592051,-0.110614155247101,0.165408868033598,0.7,0.133662849544115,0.133664842079185,0.13366384581416,8.75901875901876,0.507674153491016,4
"20",9,"riskaverse","1",0.0280295302645539,0.0675867507938159,0.414719304232607,0.678347398962272,0.559903791434451,-0.104438067123409,0.160497127652517,0.8,0.127910437006646,0.127912475517999,0.127911456264204,8.75901875901876,0.507674153491016,4
"21",10,"riskaverse","1",0.0284668735845443,0.0652257388352622,0.436436199771409,0.662520279379491,0.593963479550655,-0.0993732253975851,0.156306972566674,0.9,0.122057998953059,0.1220600692712,0.122059034113366,8.75901875901876,0.507674153491016,4
"22",11,"riskaverse","1",0.0287071195004184,0.0624621411547968,0.459592306150296,0.645808882663286,0.630820810506943,-0.0937164275602405,0.151130666561077,1,0.116145125247307,0.116147213037878,0.116146169143183,8.75901875901876,0.507674153491016,4
"23",1,"trust","1",0.0116659221007474,0.00338140334739284,3.45002382213356,0.000560537087513721,10.8009025485312,0.00503849332265429,0.0182933508788406,0,0.168180755322968,0.168199420798329,0.168190087885086,8.75901875901876,0.507674153491016,4
"24",2,"trust","1",0.0116316996487918,0.00313825156476265,3.70642678216,0.000210203968061257,12.215922475957,0.00548083960743056,0.0177825596901531,0.1,0.164064299880734,0.164082910600172,0.164073605059511,8.75901875901876,0.507674153491016,4
"25",3,"trust","1",0.0115725970806745,0.00293253945503756,3.94627157046255,7.93775789048659e-05,13.6209089150622,0.00582492536555812,0.0173202687957908,0.2,0.159638021583901,0.15965653773923,0.159647279475135,8.75901875901876,0.507674153491016,4
"26",4,"trust","1",0.0114866126505603,0.00277757680240087,4.13547976085901,3.54213834074488e-05,14.7850199157606,0.00604266215356065,0.0169305631475599,0.3,0.154920261624743,0.154938640204984,0.15492945072294,8.75901875901876,0.507674153491016,4
"27",5,"trust","1",0.0113720748340547,0.00268015289819465,4.24306943149211,2.20483182965222e-05,15.468971853928,0.00611907168053254,0.0166250779875769,0.4,0.149933958048865,0.149952153368599,0.149943055511425,8.75901875901876,0.507674153491016,4
"28",6,"trust","1",0.0112277344752748,0.00265098501368466,4.23530665670159,2.28240013695456e-05,15.4190887358362,0.00603189932489744,0.0164235696256522,0.5,0.144706368803186,0.144724333178346,0.144715350788318,8.75901875901876,0.507674153491016,4
"29",7,"trust","1",0.0110528460567014,0.00268942715893226,4.10973988270778,3.96105049264548e-05,14.62375738263,0.00578166568615027,0.0163240264272525,0.6,0.139268631031007,0.139286315584698,0.139277473100642,8.75901875901876,0.507674153491016,4
"30",8,"trust","1",0.0108472317496278,0.00278951823652463,3.88856814327265,0.00010083736001789,13.2756821263609,0.00537987647182181,0.0163145870274337,0.7,0.133655168240215,0.133672523811015,0.13366384581416,8.75901875901876,0.507674153491016,4
"31",9,"trust","1",0.0106113227595767,0.00294354278877286,3.60494938278116,0.000312213773690144,11.6451781945842,0.00484208490662925,0.0163805606125241,0.8,0.12790296742104,0.127919945537455,0.127911456264204,8.75901875901876,0.507674153491016,4
"32",10,"trust","1",0.0103461739806802,0.00313637419545203,3.29876900392909,0.000971097860541436,10.008095691728,0.00419899351555341,0.0164933544458069,0.9,0.122050757392032,0.122067311270401,0.122059034113366,8.75901875901876,0.507674153491016,4
"33",11,"trust","1",0.0100534499725396,0.00335494727543605,2.99660446116337,0.00273004684706045,8.51685857694483,0.00347787414265414,0.016629025802425,1,0.116138126602973,0.116154212122929,0.116146169143183,8.75901875901876,0.507674153491016,4
"34",1,"lossavers","2",-0.190626516017867,0.102981431380126,-1.85107658209007,0.064158536534321,3.9622149556932,-0.392466412599296,0.0112133805635632,0,0.516970716170147,0.516951653518545,0.516961184916673,8.75901875901876,0.507674153491016,4
"35",2,"lossavers","2",-0.196059717061936,0.102707813932799,-1.9089075071758,0.0562740244256371,4.15138704864163,-0.397363333301064,0.0052438991771919,0.1,0.497630635029582,0.497611029057876,0.497620832106996,8.75901875901876,0.507674153491016,4
"36",3,"lossavers","2",-0.200712971039629,0.102593338912809,-1.95639378897892,0.0504187832691723,4.30989488698311,-0.401792220362447,0.000366278283188498,0.2,0.477785285794697,0.477765214497593,0.477775250198993,8.75901875901876,0.507674153491016,4
"37",4,"lossavers","2",-0.204483018684254,0.101992783240785,-2.00487732746257,0.0449761630989541,4.47469559922857,-0.404385200519192,-0.00458083684931548,0.3,0.457517917451576,0.457497469149708,0.457507693341858,8.75901875901876,0.507674153491016,4
"38",5,"lossavers","2",-0.207280279764799,0.100441817848825,-2.06368506867105,0.0390475859597052,4.67862283043732,-0.404142625290229,-0.0104179342393687,0.4,0.436921456333189,0.436900728305212,0.436911092347766,8.75901875901876,0.507674153491016,4
"39",6,"lossavers","2",-0.209032811375187,0.0981810806056289,-2.1290538878343,0.0332498022448038,4.9105104296508,-0.401464193325444,-0.0166014294249305,0.5,0.416096936778563,0.416076033497426,0.416086485153136,8.75901875901876,0.507674153491016,4
"40",7,"lossavers","2",-0.209689680953917,0.095568966151483,-2.19411896348806,0.0282268583084309,5.14678762616865,-0.397001412650551,-0.0223779492572831,0.6,0.395151562911014,0.395130593942918,0.395141078428189,8.75901875901876,0.507674153491016,4
"41",8,"lossavers","2",-0.209223497203426,0.0916798381018782,-2.28211023857752,0.0224828326749546,5.4750323735819,-0.38891267799157,-0.0295343164152816,0.7,0.374196473215772,0.374175550866052,0.374186012028029,8.75901875901876,0.507674153491016,4
"42",9,"lossavers","2",-0.20763189505002,0.0869804634422896,-2.38710955118998,0.0169814301693988,5.87989822255563,-0.37811047075551,-0.0371533193445296,0.8,0.353344302861842,0.353323539672337,0.353333921240231,8.75901875901876,0.507674153491016,4
"43",10,"lossavers","2",-0.204937847759212,0.0815706027527165,-2.51239834993603,0.0119913645491619,6.38186035118145,-0.36481329135176,-0.0450624041666643,0.9,0.332706655425718,0.332686161640942,0.332696408492937,8.75901875901876,0.507674153491016,4
"44",11,"lossavers","2",-0.201188772410155,0.0751955181938956,-2.67554207009225,0.00746085087252178,7.06644411268466,-0.348569279869016,-0.0538082649512929,1,0.312391603801866,0.312371484924625,0.312381544310058,8.75901875901876,0.507674153491016,4
"45",1,"riskaverse","2",0.0957886307025796,0.112213461764095,0.853628692999018,0.393310755136452,1.34625845737371,-0.124145712935609,0.315722974340768,0,0.516957701684411,0.516964668130487,0.516961184916673,8.75901875901876,0.507674153491016,4
"46",2,"riskaverse","2",0.0984534011689843,0.111273888096189,0.884784407675927,0.376272920629306,1.41014862870655,-0.119639411919287,0.316546214257256,0.1,0.497617251975183,0.497624412222754,0.497620832106996,8.75901875901876,0.507674153491016,4
"47",3,"riskaverse","2",0.100728657719149,0.111061683917448,0.906961376472745,0.36442722230396,1.45629736402389,-0.116948242821419,0.318405558259718,0.2,0.477771587331949,0.477778913052729,0.477775250198993,8.75901875901876,0.507674153491016,4
"48",4,"riskaverse","2",0.102563299349018,0.110306209606843,0.929805309370864,0.35247189684929,1.5044198611843,-0.11363289875152,0.318759497449555,0.3,0.4575039637621,0.457511422911366,0.457507693341858,8.75901875901876,0.507674153491016,4
"49",5,"riskaverse","2",0.103913056385455,0.109377766563371,0.950038199264652,0.342092843230877,1.54754017243406,-0.110463426788182,0.318289539559092,0.4,0.436907313687594,0.436914871001011,0.436911092347766,8.75901875901876,0.507674153491016,4
"50",6,"riskaverse","2",0.104742452742727,0.107846522494459,0.971217711244318,0.331439875979304,1.59318090929612,-0.106632847204301,0.316117752689756,0.5,0.416082676334856,0.41609029396801,0.416086485153136,8.75901875901876,0.507674153491016,4
"51",7,"riskaverse","2",0.105026475963226,0.10588606564139,0.991881937694479,0.321255121104068,1.63820864250285,-0.102506399158541,0.312559351084994,0.6,0.395137259283615,0.395144897573004,0.395141078428189,8.75901875901876,0.507674153491016,4
"52",8,"riskaverse","2",0.104751827700896,0.104142869350382,1.00584733601362,0.314489012855315,1.6689184796144,-0.099364445472512,0.308868100874305,0.7,0.374182202872511,0.37418982118748,0.374186012028029,8.75901875901876,0.507674153491016,4
"53",9,"riskaverse","2",0.103917653683971,0.102155889590963,1.01724583966781,0.309036494356718,1.69415087773317,-0.0963042107229663,0.304139518090907,0.8,0.35333014242014,0.353337700067905,0.353333921240231,8.75901875901876,0.507674153491016,4
"54",10,"riskaverse","2",0.102535690521631,0.0996964013206671,1.02847935495516,0.30372439726261,1.71916529439623,-0.0928656654551283,0.29793704649839,0.9,0.33269267992782,0.332700137069171,0.332696408492937,8.75901875901876,0.507674153491016,4
"55",11,"riskaverse","2",0.100629813012039,0.0967494866981142,1.0401069447121,0.298290217552462,1.74521142971832,-0.0889956964390016,0.29025532246308,1,0.312377885051247,0.312385203583321,0.312381544310058,8.75901875901876,0.507674153491016,4
"56",1,"trust","2",0.00336857708997662,0.00451307597971678,0.74640380643182,0.455423520566237,1.13471929281113,-0.00547688928976109,0.0122140434697143,0,0.516958489805772,0.516963879529116,0.516961184916673,8.75901875901876,0.507674153491016,4
"57",2,"trust","2",0.00400473341339441,0.00432747061261209,0.925421284600503,0.354746811467052,1.4951383777653,-0.00447695313148077,0.0124864199582696,0.1,0.497617628079053,0.497624035652515,0.497620832106996,8.75901875901876,0.507674153491016,4
"58",3,"trust","2",0.00460724098445137,0.00417729350757819,1.10292489050463,0.270059784074728,1.88864927783097,-0.00358010384325488,0.0127945858121576,0.2,0.477771564174987,0.477778935760563,0.477775250198993,8.75901875901876,0.507674153491016,4
"59",4,"trust","2",0.00516778029983206,0.00405867851155687,1.27326672588555,0.202923409841518,2.3009927866479,-0.00278708340764604,0.0131226440073102,0.3,0.457503558898294,0.457511827346774,0.457507693341858,8.75901875901876,0.507674153491016,4
"60",5,"trust","2",0.00567862300304006,0.00397452911014465,1.4287536575203,0.153075049574256,2.70768894457022,-0.00211131090834948,0.0134685569144296,0.4,0.436906549243693,0.436915635040498,0.436911092347766,8.75901875901876,0.507674153491016,4
"61",6,"trust","2",0.00613292297550749,0.00391263154472586,1.56746754847758,0.117005445764641,3.09535241640514,-0.0015356939369305,0.0138015398879455,0.5,0.41608157862429,0.416091391301051,0.416086485153136,8.75901875901876,0.507674153491016,4
"62",7,"trust","2",0.00652498144820823,0.00386778739250599,1.68700623536099,0.0916021529967112,3.44847468226937,-0.00105574254096159,0.0141057054373781,0.6,0.395135858269062,0.395146298239379,0.395141078428189,8.75901875901876,0.507674153491016,4
"63",8,"trust","2",0.00685046763204689,0.00383934572766146,1.78427995756962,0.0743781853273008,3.7489766401475,-0.000674511718367303,0.0143754469824611,0.7,0.374180531497431,0.374191492245643,0.374186012028029,8.75901875901876,0.507674153491016,4
"64",9,"trust","2",0.00710657896942773,0.00381538463726377,1.86261141275766,0.0625169574841503,3.99960862143933,-0.00037143750677667,0.0145845954456321,0.8,0.353328235838678,0.353339606365029,0.353333921240231,8.75901875901876,0.507674153491016,4
"65",10,"trust","2",0.00729212948871738,0.00378930743412659,1.92439637466316,0.0543049185298111,4.20277331739501,-0.000134776608520614,0.0147190355859554,0.9,0.332690574669364,0.332702242076546,0.332696408492937,8.75901875901876,0.507674153491016,4
"66",11,"trust","2",0.00740756043435264,0.00376452862212771,1.96772589025127,0.0490995852290615,4.34814535241405,2.92199162121405e-05,0.0147859009524931,1,0.312375618160042,0.312387470256737,0.312381544310058,8.75901875901876,0.507674153491016,4
"67",1,"lossavers","4",0.230192768875814,0.0709634123376873,3.24382327868362,0.00117936893276655,9.72776918872519,0.0911070364738819,0.369278501277747,0,0.314837217672607,0.314860236949495,0.314848727198241,8.75901875901876,0.507674153491016,4
"68",2,"lossavers","4",0.238800411157536,0.0791318154030978,3.01775474176961,0.00254654909286185,8.61724075460683,0.0837049029361923,0.39389591937888,0.1,0.338293622914982,0.338317502956098,0.338305562833493,8.75901875901876,0.507674153491016,4
"69",3,"lossavers","4",0.24646820416252,0.0864846675864548,2.84984854588401,0.00437400517679257,7.83682935679356,0.0769613704781499,0.41597503784689,0.2,0.362565147004998,0.362589793825414,0.362577470325872,8.75901875901876,0.507674153491016,4
"70",4,"lossavers","4",0.25304608657073,0.0927788454694871,2.727411462066,0.00638333856563076,7.29147311579633,0.0712028909233277,0.434889282218131,0.3,0.387550203705706,0.387575508314363,0.387562855935203,8.75901875901876,0.507674153491016,4
"71",5,"lossavers","4",0.258399614122551,0.0978014133818655,2.64208466102253,0.00823974566091068,6.9231844787349,0.0667123662569808,0.450086861988121,0.4,0.413132932218872,0.413158772180285,0.413145852140809,8.75901875901876,0.507674153491016,4
"72",6,"lossavers","4",0.26241557788298,0.101265903748044,2.59135175977776,0.00955997187517169,6.70877791076673,0.0639380536749137,0.460893102091045,0.5,0.4391850433211,0.439211284878888,0.439198164058547,8.75901875901876,0.507674153491016,4
"73",7,"lossavers","4",0.265006974666249,0.103180280837659,2.56838780157231,0.0102172781625227,6.61284526986149,0.0627773403097089,0.467236609022788,0.6,0.465568198145654,0.465594698843121,0.465581448471169,8.75901875901876,0.507674153491016,4
"74",8,"lossavers","4",0.266116965766949,0.103401797113759,2.57362031603936,0.0100640648222122,6.63464307007774,0.0634531674872647,0.468780764046634,0.7,0.492136836314003,0.492163448010579,0.49215014215781,8.75901875901876,0.507674153491016,4
"75",9,"lossavers","4",0.265721519964179,0.10179493531528,2.61036090981526,0.00904467441798775,6.78871571371259,0.0662071129376468,0.465235926990712,0.8,0.518741336405221,0.518767908557217,0.518754622495565,8.75901875901876,0.507674153491016,4
"76",10,"lossavers","4",0.263830531727072,0.0986075288896726,2.67556174156093,0.00746041303660469,7.06652877893147,0.0705633264988206,0.457097736955323,0.9,0.545231365834273,0.545257748887445,0.545244557393697,8.75901875901876,0.507674153491016,4
"77",11,"lossavers","4",0.260487325315362,0.0937987890296156,2.77708622904627,0.0054848625692378,7.51032881228577,0.0766450770238444,0.444329573606879,1,0.571459262129907,0.571485310862439,0.571472286546759,8.75901875901876,0.507674153491016,4
"78",1,"riskaverse","4",-0.114343014518129,0.0973918601408953,-1.17405103827682,0.240374583115797,2.05664373940141,-0.305227552781646,0.0765415237453878,0,0.314852885140855,0.314844569285006,0.314848727198241,8.75901875901876,0.507674153491016,4
"79",2,"riskaverse","4",-0.118613853918019,0.101039463275188,-1.17393590655728,0.240420698894892,2.05636698541276,-0.316647562954645,0.0794198551186072,0.1,0.338309876077956,0.338301249615596,0.338305562833493,8.75901875901876,0.507674153491016,4
"80",3,"riskaverse","4",-0.12241749901131,0.104342790994714,-1.17322431041271,0.240705865633689,2.05465679637563,-0.326925611407339,0.0820906133847187,0.2,0.362581921883045,0.362573018791942,0.362577470325872,8.75901875901876,0.507674153491016,4
"81",4,"riskaverse","4",-0.125679473232462,0.107351384171347,-1.17072988115236,0.241707370301913,2.04866662949631,-0.336084319898825,0.0847253734339012,0.3,0.387567426107729,0.387558285782131,0.387562855935203,8.75901875901876,0.507674153491016,4
"82",5,"riskaverse","4",-0.128333069381548,0.109743082489792,-1.16939552334412,0.242244312646891,2.04546530009301,-0.34342555861395,0.0867594198508534,0.4,0.413150518805646,0.413141185491231,0.413145852140809,8.75901875901876,0.507674153491016,4
"83",6,"riskaverse","4",-0.130322138382146,0.111619330698702,-1.16755885890347,0.242984753404374,2.04106230318793,-0.349092006530068,0.0884477297657761,0.5,0.439202903050907,0.439193425076924,0.439198164058547,8.75901875901876,0.507674153491016,4
"84",7,"riskaverse","4",-0.131603555599942,0.112662250806336,-1.16812467936723,0.242756476752367,2.04241830756886,-0.352417509597579,0.089210398397695,0.6,0.465586234058141,0.465576662890176,0.465581448471169,8.75901875901876,0.507674153491016,4
"85",8,"riskaverse","4",-0.132149184092237,0.113042716371048,-1.16901989207756,0.242395616986995,2.04456448274438,-0.353708836894066,0.0894104687095933,0.7,0.492154947583375,0.492145336733336,0.49215014215781,8.75901875901876,0.507674153491016,4
"86",9,"riskaverse","4",-0.131947183949288,0.112959451107737,-1.1680933525734,0.242769111402815,2.04234322214394,-0.353343639833865,0.0894492719352893,0.8,0.518759420573214,0.518749824414095,0.518754622495565,8.75901875901876,0.507674153491016,4
"87",10,"riskaverse","4",-0.131002564106366,0.112169728314413,-1.1678958848787,0.24284876426204,2.04186994967278,-0.350851191758259,0.0888460635455272,0.9,0.545249321119121,0.545239793659629,0.545244557393697,8.75901875901876,0.507674153491016,4
"88",11,"riskaverse","4",-0.129336932512839,0.110649776388594,-1.16888562032532,0.242449717795084,2.04424252041016,-0.346206509131894,0.0875326441062155,1,0.571476989701446,0.571467583378801,0.571472286546759,8.75901875901876,0.507674153491016,4
"89",1,"trust","4",-0.0150344991907761,0.00407469804923709,-3.68972105640834,0.000224500078202639,12.1209964320327,-0.0230207606151564,-0.00704823776639579,0,0.31486075487126,0.314836699672554,0.314848727198241,8.75901875901876,0.507674153491016,4
"90",2,"trust","4",-0.015636433062273,0.00402585583258393,-3.88400223766508,0.000102750960929501,13.2485604934601,-0.023526965501088,-0.00774590062345796,0.1,0.338318072040212,0.338293053747313,0.338305562833493,8.75901875901876,0.507674153491016,4
"91",3,"trust","4",-0.0161798380650391,0.00400269876110669,-4.04223226145691,5.29447503384499e-05,14.2051528315063,-0.0240249834777713,-0.00833469265230688,0.2,0.362590414241112,0.362564526500208,0.362577470325872,8.75901875901876,0.507674153491016,4
"92",4,"trust","4",-0.0166543929503229,0.0039986697574331,-4.16498334711543,3.11375291741297e-05,14.9709860062452,-0.0244916416609613,-0.00881714423968457,0.3,0.387576179476962,0.387549532448242,0.387562855935203,8.75901875901876,0.507674153491016,4
"93",5,"trust","4",-0.0170506978371468,0.00401129003756973,-4.25067688385781,2.13125444353291e-05,15.5179376323675,-0.0249126818423278,-0.00918871383196581,0.4,0.413159492707442,0.413132211590903,0.413145852140809,8.75901875901876,0.507674153491016,4
"94",6,"trust","4",-0.0173606574507823,0.00403433572745579,-4.30322576592569,1.68329165912439e-05,15.858355304473,-0.0252678101781388,-0.00945350472342576,0.5,0.439212052572524,0.439184275520603,0.439198164058547,8.75901875901876,0.507674153491016,4
"95",7,"trust","4",-0.0175778275048055,0.00406267347588917,-4.32666509113395,1.51383866913639e-05,16.0114290099577,-0.0255405211984945,-0.00961513381111659,0.6,0.465595510699931,0.465567386175923,0.465581448471169,8.75901875901876,0.507674153491016,4
"96",8,"trust","4",-0.01769769938164,0.00409919789257523,-4.31735667450828,1.5790887906765e-05,15.9505481795736,-0.0257319796165899,-0.00966341914669001,0.7,0.492164300262353,0.492135983943343,0.49215014215781,8.75901875901876,0.507674153491016,4
"97",9,"trust","4",-0.0177179017290391,0.0041405723375759,-4.27909484112818,1.87654894776771e-05,15.7015585525675,-0.0258332743860707,-0.0096025290720075,0.8,0.518768796740283,0.518740448097516,0.518754622495565,8.75901875901876,0.507674153491016,4
"98",10,"trust","4",-0.0176383034693889,0.0041858098627847,-4.21383293737443,2.51073028892204e-05,15.2815334166493,-0.0258423400465794,-0.00943426689219833,0.9,0.545258667938604,0.545230446653053,0.545244557393697,8.75901875901876,0.507674153491016,4
"99",11,"trust","4",-0.0174610104069356,0.00425214786894668,-4.10639774182194,4.01877249381431e-05,14.6028855669422,-0.0257950670870098,-0.00912695372686137,1,0.571486255236985,0.571458317620334,0.571472286546759,8.75901875901876,0.507674153491016,4
